{"x":[-17.991267102337382,42.713824373777669,-38.610278304833123,-28.324473496175017,-43.293329591914365],"y":[9.6895822398725784,-18.402195333309791,31.292727897088103,20.885798498329464,17.148117585529917],"z":[30.982149013595965,25.908304154383877,19.442631053798618,22.74384899986627,12.16258780003092],"nx":[-116116.32702232938,-21409.479161385792,404638.56720902288,776829.7732508108,-14929.3959215604],"ny":[3304.9094248764468,26689.118326905631,-49526.039655288871,-30577.489298351986,-75164.0639162617],"nz":[-77822.254540923925,9565.93975980259,186771.05118122548,395510.65156278689,-80907.754046360817]}